e59-5be384f0a6a3, 0-4e9c-8f2b-3caf76429aa1, -41e9-9437-a9f5dc08382c, -4a53-97cd-1590f799eb5f
a48-0f7e51ac937b, 8-406c-8761-6fe51bd5a0bf, -45d6-af8a-818c89146dd0, -4ee5-b62e-36b636f533a9
cf5-a05801144126, 1-4482-9634-d16c6d143f6a, -4cff-a7f9-cc97bf726ed8, -4c0f-ae0c-f360803768a7
378-2a7595ef632f, 6-469f-86d5-198e3f6f5910, -4391-878a-276445ae4f07, -4f6f-a491-39128bdf68dc
849-289ca989f670, 3-4d25-9525-2a33a2ee1040, -49d9-acff-d8cdca7591fd, -47eb-9de2-729ee7bbb782
46d-db52b402790a, 2-4030-898c-ec94b7ec7e68, -4a2b-81e1-1f8ba54ebe47, -46e1-bd3b-2b7992af8cbf
5f8-f994b5c8b1ab, 3-409a-b050-2a8be259b252, -41eb-9572-71d337a642e8, -431b-9755-ae936ca6f542
704-9fbe90610ebe, d-4ca4-b73c-0afbb91e8ad7, -46ab-8fb4-75d3a5a2ff7e, -4559-bbb9-89b61ce0d9c4
263-777ea5409969, 7-44fd-9869-deb47e55d67f, -4c16-be36-bc0c2d47782c, -4765-a71d-635419fa2413
51e-e67323d7e7c2, d-404c-aeb9-9b6619b5b042, -4206-8b33-64cb2d38242b, -467c-a96c-01940f4990c6
403-40fbcbed24cd, 5-40a4-ad45-ca3efed96edc, -4b97-86c2-f0eddaf42428, -4e78-b981-3ea3f1d1f8aa
3b7-da920639b8a2, 3-40ad-a9f8-75b9ebe824fa, -45a6-bfd6-8e03bdfec742, -4a37-bee2-fd42e7dcbc7b
007-c8b72a75b9cc, d-46c1-8a60-540c3370f71e, -4a76-a541-d70b48c1aa95, -45cb-bc33-894908cdf0cd
702-b2761f7ca586, b-4b6e-9037-d1dbaed20f58, -410e-9571-83193c7a2641, -4674-a950-305660f82cbe
11e-cbaa6a6f9507, 8-4d3a-897d-bd560d768610, -4022-812f-b784189ae50c, -430d-bb40-6b35b9ddd423
e7f-69e22a5473b1, 7-4e23-b543-0d624a57cfc4, -4570-907a-e4c931e6a13a, -429b-84f7-17db296dedc0
876-9de1d4007f1f, 1-492a-ab7b-faa6418f6984, -4f98-8a0e-a73dbe3b9c23, -4d49-a89d-9282da781e4b
f50-f6e71aa4d2dc, d-4bc3-a991-0a8c337b02ae, -4d06-8050-9389f6528cf8, -4e91-a0f0-1c84a1c264b4
36f-dcbd98066763, f-4803-b834-4734ca233758, -479a-abf5-51589cd4833d, -424b-a14a-4b7ba0944301
236-17d9d820a887, 0-4a74-a263-72fcd8aaac0e, -48e7-af27-418a3159eaad, -4772-9bfb-f7ca36bb44b5
0da-a50a9d6ccb99, 9-4a02-a751-5353dbd36976, -4a40-8fcb-b8d44425f710, -4d8f-9457-0a553337bcfb
21d-bef2aeb8f27c, a-499f-8e85-72d7ec3dc72b, -46ff-a090-cea1a995308f, -41c2-8921-c79be604d875
76b-5d3485b8a03a, 4-47f8-a9d5-acedabd1d2a7, -48a1-a6c5-70f03f5e23eb, -40f3-9bcd-4318356f2f93
923-45d6ab2a396e, e-4248-b9a9-30eae274fada, -425c-b664-e42215da1aaa, -4fa6-8a7d-fc2bee2fceff
100-6080f07fbacd, 9-4b89-bf80-6b10c367df51, -4dc8-95ab-e4c1af36e125, -446b-b51c-c8a78ac32423
3a8-797d8eafd4dc, b-4522-b388-71176882e90e, -4f36-befd-46965a158319, -4c89-b6c7-13ef13d47666
81d-dbf239b043d4, 3-4b88-842c-4653fa9053f5, -4906-ac3f-58972620ed67, -472e-a102-6fdd86f9d018
8c1-6cec46f3b664, 0-4f57-9d72-11aec4fb461c, -4a57-85c3-f8c30e893685, -41da-b07c-16e4ee94383f
043-fb5f80eb0f54, f-4775-b790-5f7c94157b1b, -49cc-b631-88f0598750f1, -4fe2-b8e4-2e77a3cf883e
4ff-e0f86bbdd2ec, e-4ca9-8e27-35a8d446b009, -4880-9166-af0d3a1b2508, -4396-ad51-ba407c80ffbe
339-4369249d6fe2, 1-4339-a8f8-0d922b0c27cb, -44fe-bc3d-ceb0642b1c01, -4d87-98a8-0ef1994c4039
b8d-663834212f45, 4-4deb-963b-4fa8ea625960, -48e2-a2ab-e844212025c5, -467b-a683-280ff28705b7
be3-4afafede8569, 5-4c74-8b25-fee86725dd97, -43fb-b1a1-e805c68e4b6b, -4a1a-9afa-cf8853cd1027
89e-a3b68724cfaf, 5-4d0a-abdb-f0ff1c141106, -426c-9b11-c242dab47bd5, -4e31-8c03-3f73b1b33c6c
c2b-e1e6a21d1680, c-40db-a4a6-6d1d7c1e03fe, -410a-9b77-888c37c33a72, -4910-8a16-a797509389ce
a81-9f962856feac, f-4d58-b563-03d44587928a, -487b-99bb-818a60a40284, -4143-b824-ca05713ab867
b76-08bc4019ac0a, c-4a51-928a-b31a3b473ccd, -4d2d-a8a3-35a3cbf069f7, -4e5a-b163-30ec8dbff3d0
1a5-685f056475dc, c-44c7-b912-03e858331b07, -4205-ab14-c1f937f7be5a, -415c-accb-246f38d745a7
ec9-0c53fb3d73cd, 9-40ab-b983-989eed09bb24, -4d58-8366-132be75e7c7e, -45da-b1a1-9d7c98766c1b
ada-38d9fc0f4aae, c-470d-8a42-1f3800502f88, -4281-835a-26b7a3a323ad, -4fe3-adf3-c0d1c9928f0a
23d-ddb81b830b19, d-41d2-8f16-cdda8ebdc7b7, -4c49-bdfa-aacc6343b2d7, -46b9-badf-f43fbaa8f3c8
f03-b54b60c83230, c-4899-8aaa-68682564d3f8, -4af8-a0a2-772cd60efcff, -4d76-a09f-e496a3788a3e
a5c-5ea3000a4516, 6-44ce-b017-74d0fd2a0d8e, -459c-8c89-bee28e198153, -4cd4-9e4e-0688e72ae3d3
419-227add51828b, e-4bff-af55-1d51b1fa483b, -409c-a3c5-37af06046281, -4538-af5b-3799134c4b17
270-e6cef5e5e673, d-4000-be6c-7f766fed338d, -48d4-986e-119500e86491, -477c-997c-99712db977a7
6da-3ca515324218, c-4b26-8114-f4d7a908181e, -4204-916c-9188a9504875, -4d6d-adfe-8fc7f0df4f6c
53b-8d02982a2fd1, 4-4627-b366-69adddd9a7ea, -4128-916e-8d21512dda63, -491d-91cd-02207928432b
f8f-8df436c079b5, f-47cd-8f1d-27cd26f70cbc, -41b4-898e-7d6c25891c12, -4e17-800e-5c736e5e379c
c11-f79f65d206d9, f-4c88-b7b7-0db5313846ac, -42e7-91d1-b5952dd9e327, -495a-8597-cc618bd99672
277-5239e7265672, 0-44e4-8c9c-fd631d887ddb, -4b28-896f-aa52b5dd017a, -4966-befb-99eac9902474
8c0-af7bd8aa4931, d-4d2e-baa6-cd59efe65c2e, -4fce-8dd6-a006f4a2065b, -4722-ba57-08da80724621
6ad-386e06d01a25, 4-470f-b390-a02dd93e680a, -4e06-8c8a-03630dabd8ab, -47d4-95d3-0e63e362b25f
5b9-8c3f8db38d68, e-4991-8e3b-2782ca25215f, -4ddb-b369-cb83fac40e7a, -45a4-aef1-3c55442f0ef5
cc0-c29aa6092aea, 8-4277-b89f-4a606ff57fc2, -4077-b721-4f643f31f238, -4b87-bc07-abcd95971927
d3c-587fd114ebae, 8-4c5d-a01c-00cbc6ebaff3, -45ca-846c-c0e96a06130e, -4dc8-b483-a0c9b2611263
203-509788488497, a-4574-8f6d-f35af080ab4c, -46be-9cb7-dd2a9dfe7b30, -4b43-a5be-cdaa745dc59f
4c1-77a0d816576d, a-460c-869a-65b4a93aecae, -4fc6-bced-f347918e6d8f, -4589-8cd1-03e8b975b88a
3aa-0731d633750c, e-4895-a801-fbff45721835, -4c5a-961c-644cca295efc, -4603-b774-149e3d080aa6
1ba-1fc18498e130, 2-4e29-9a0f-c0b672204f30, -4d45-b12b-5e924b8777b8, -45e3-ad9f-86b8b43739bb
88a-a9695ba46326, 8-4915-ad60-d3622e353a01, -4b3f-84da-2e02c56502f4, -4927-8943-b0f55b7d7e86
3e5-607426480931, 7-4162-b25d-6d1d201d551b, -492c-9f15-4c7fdedb35e4, -43fe-9ec1-4d3685967826
929-1383cfb918f8, c-43d6-87d9-310d8a23e7b0, -4746-a9bf-45d9ee5c0508, -4271-99f7-5e75bbbb6a5c
dcb-7f52039e39e6, e-4d50-92d6-e69510ab25a8, -4dce-94fb-778061646d31, -47d3-80b4-14b2b6f1634d
a5e-cb13620980c2, f-4069-8d33-0241788d4eb0, -4a9a-b655-af53046feaee, -4e3a-912f-529fa5128e2a
c34-a63973b3aa81, 2-4dba-845b-c28f0f64621d, -4228-bb30-f10e1806b801, -449b-b9e0-2011fbd6de41
dda-c1b5c364324a, b-4685-9dea-e8b84aaa371f, -4650-9193-57002fe5d6a1, -4ba2-b3c6-a5b4630a03c2
f37-cbe02e8879d0, 1-4d92-a4f0-c95d000c82a4, -4f41-8d56-6f3040f0d7af, -4cf5-b47d-041d95dfd875
28d-e42c26d04f2a, 0-480b-959b-9e27b1a2c87f, -407b-9386-707cfa472505, -45ed-b97c-ac82c95f0f2c
6e4-777129732b4c, 9-4bab-884f-9d6f31617894, -4617-93cb-027bb64dd8e0, -4296-951b-44c2b8b53023
be7-f43c86913ada, 3-46d8-8ebf-07c13924ae8a, -417c-ac82-f7ee7e1dcf5b, -4b92-a582-86cbea738846
ba6-b22e8df7595e, 0-4ddf-8135-08189816ebfc, -40ca-88a3-85041858114c, -4910-9b11-8c6dd3fc8330
2d5-0281db4b450c, 6-4eaa-88a5-36c8f0a81577, -4d27-90d7-176e225f865a, -41de-b9c9-fd85c88f4ac1
b53-da879f4658c7, 5-4be8-9bf8-14bbf2c5eb0e, -4295-bcd6-2082bbdbcae3, -42fc-8f4a-2039cde0aa96
7f8-2ca89630fd85, e-4892-acfb-6546d7e5e8c0, -4f91-ab43-655face3878b, -4d33-88f9-f06f44d9403e
0e7-8e45616ece09, 2-4758-bc52-d9f805ea7b7f, -4a7d-9ace-ff0b6f543e35, -4180-9362-42f312c40d7f
651-0c2e5c7b83bc, 4-452a-8073-ad81c8917355, -4fe5-a221-8597091f36ba, -40be-8928-907d699d0016
216-3a1a27e8efa7, 9-4f78-b08c-ff0874adc375, -4227-9786-668a64644ea2, -4456-b1f0-3550bb56efa9
e3c-df474a38bc55, 4-4de7-8440-2fdd986498f6, -47da-ad15-caf9b5c8ab4c, -427e-bdf2-d6ca84f4ee3b
430-876061454e91, a-42ef-93c0-87c9482db60a, -4291-b4ef-08ef7a5cb6c8, -4c8f-b266-226cb9b7d69e
c44-4714645b7cee, b-4edc-a368-a2f2fc39f9e2, -4eee-b661-e93b04e3ac63, -47bb-8fd8-febe57b0925d
cd9-877897b15a87, 6-41bb-a55c-da545f0f31d2, -4875-919a-e648e1226a9f, -48e1-8117-6e63a05b6147
240-7d5d9eae1f34, 9-4382-9707-47473ee18d5b, -41de-83c7-3cbd333918c8, -4b44-8861-b7699f019f72
ee4-50eabfe800f2, 4-4bd8-8ab2-4159567d152f, -47c4-896f-d8187377c802, -463c-8cdf-e0088ad7029b
af4-6a02462def52, c-4f5e-8404-f02d1dfabacc, -4158-a9e5-6a92ba5bb589, -4e08-8069-0187722d84b2
279-4f3c421dc891, a-4704-8691-86ab6538db60, -49e2-aaff-7545e8b3fbac, -4b2a-97ae-d2d47fbc1263
9d3-decb7643ddb7, 2-4b7c-9af5-ff8e424cc271, -4d50-a6c7-b275402aee63, -4c10-bcae-6270eeee6783
bc7-17976ae5e375, 5-4ddd-b5f6-b91448b13fe2, -4a58-8acc-3d0e15cf67ca, -44de-af5f-68164a350785
340-c76393df6b1a, 2-4464-951c-43a9f5e17937, -4697-86eb-cc9541c45b66, -4b71-9461-7e2f0c480d44
302-f81b06a98151, 8-49ed-8f6b-352a720947f2, -43c5-bb7f-df6e101c8e2e, -4dd0-bea2-1d29b441d0b5
1f3-1094977446ee, c-4735-bbdc-bff15fecf1c9, -4362-860b-f006bffd6e22, -410a-bac6-db1710b21e03
640-894fc6c36c36, 2-4943-8f16-12707149d1f8, -4260-880b-e75dad229092, -49a0-b376-c5e878db4c80
249-edca3187a51d, 6-47a6-8f48-3ec90852eb6c, -41c9-9b2d-49668dc64b3e, -4210-8fab-94868b3c26e0
af9-d27a8e811d39, d-4ce8-ba2e-1c7f5efcc182, -48a3-a8e0-9f7d2c030011, -4b11-ad85-41541c33719c
e2e-03d028d3a4f4, 9-4f29-b18b-824c94ac71eb, -42c8-8baa-d797ffa6d9dd, -46f7-9a53-aa8c619c5c2b
3a5-4225a5d96809, d-4ec0-afd4-9689b18ce183, -43bd-85b2-ceeb26a9b47f, -4f73-86c9-610a998d7f1c
8dd-46b7413f2ff3, d-4ba9-90d0-d5f8561791fc, -4514-b763-32c5d7b1f939, -4dcd-b7de-d37cf5663812
673-766a9c75e92a, c-4208-a830-95ea02c42e88, -49c0-8ab8-e704cfd2d72e, -4f7b-8314-9729f33def43
ce8-57e790bcf799, 5-4126-83bd-233bc8a8020d, -4dbc-9154-444fa01c13d4, -4a16-829a-ef21de13bcca
cdc-f04c1676ed11, 0-4541-b7cd-f778954968f1, -436f-85a9-44b10d4deb93, -402a-b782-3439f502c38c
d01-595c78442bc9, 6-4db3-b0f1-b44becc1e895, -46cf-a1bf-3b25bcec965a, -44f5-ba29-49671da3009d
